{
    "profile": "tabular-data-package",
    "name": "mapping-swl-loinc",
    "title": "Mapping Swisslab/LOINC",
    "version": "4.0.0",
    "git-commit": "317b7653",
    "checksum": "e1e1238a868971e8e0fa16bf088173b3c5831b259e25ab2238449274a0f301ba",
    "created": "2024-10-09T10:06:35.295505+00:00",
    "resources": [
        {
            "path": "data/mapping_swl_loinc.csv",
            "profile": "tabular-data-resource",
            "name": "mapping_swl_loinc",
            "format": "csv",
            "mediatype": "text/csv",
            "encoding": "utf-8",
            "schema": {
                "fields": [
                    {
                        "name": "SWL_CODE",
                        "type": "string",
                        "format": "default"
                    },
                    {
                        "name": "CODE_VALUE",
                        "type": "string",
                        "format": "default"
                    },
                    {
                        "name": "CODE_SYSTEM",
                        "type": "string",
                        "format": "default"
                    },
                    {
                        "name": "VERSION",
                        "type": "number",
                        "format": "default"
                    },
                    {
                        "name": "META_CODE_VALUE",
                        "type": "string",
                        "format": "default"
                    },
                    {
                        "name": "TEXT_VALUE",
                        "type": "string",
                        "format": "default"
                    },
                    {
                        "name": "SWL_UNIT",
                        "type": "string",
                        "format": "default"
                    },
                    {
                        "name": "UCUM_UNIT",
                        "type": "string",
                        "format": "default"
                    }
                ],
                "missingValues": [
                    ""
                ]
            }
        }
    ]
}